# [Zmin, Zcent, Zmax]
-6.600000000000000311e-01,-5.999999999999999778e-01,-5.500000000000000444e-01
-4.500000000000000111e-01,-4.000000000000000222e-01,-3.699999999999999956e-01
9.799999999999999822e-01,1.050000000000000044e+00,1.169999999999999929e+00
-1.060000000000000053e+00,-1.000000000000000000e+00,-9.499999999999999556e-01
# Rows:_P2_P3_P4_P5
